corpusid,externalids,url,title,authors,venue,publicationvenueid,year,referencecount,citationcount,influentialcitationcount,isopenaccess,s2fieldsofstudy,publicationtypes,publicationdate,journal,ACL,DBLP,DOI,PubMedCentral,MAG,PubMed,ArXiv
36833670,"{'ACL': None, 'DBLP': 'conf/sach/Chang06', 'ArXiv': None, 'MAG': '1546741105', 'CorpusId': '36833670', 'PubMed': None, 'DOI': '10.1007/978-3-540-78199-8_10', 'PubMedCentral': None}",https://www.semanticscholar.org/paper/d22edc02a0492c7485488b2418547a18a7b57461,Techniques for Solving the Large-Scale Classification Problem in Chinese Handwriting Recognition,"[{'authorId': '145048780', 'name': 'F. Chang'}]",Summit on Arabic and Chinese Handwriting Recognition,4de1cd13-d2a9-44c9-9e06-df6612cf0500,2006.0,16,11,1,True,"[{'category': 'Computer Science', 'source': 's2-fos-model'}, {'category': 'Computer Science', 'source': 'external'}]",['JournalArticle'],2006-09-27,"{'name': None, 'pages': '161-169', 'volume': None}",,conf/sach/Chang06,10.1007/978-3-540-78199-8_10,,1546741105,,
258790926,"{'ACL': None, 'DBLP': None, 'ArXiv': None, 'MAG': None, 'CorpusId': '258790926', 'PubMed': '37237832', 'DOI': '10.3390/antibiotics12050929', 'PubMedCentral': '10215436'}",https://www.semanticscholar.org/paper/b0747de4f002133303fc4649586700889c316b38,"Prevalence and Antibiotic Resistance Pattern of Streptococcus, Staphylococcus, Neisseria meningitidis and Enterobacteriaceae in Two Reference Hospitals of Yaoundé: An Overview before and during COVID-19 Pandemic Era","[{'authorId': '2080874138', 'name': 'Cecile Ingrid Djuikoué'}, {'authorId': '2217852868', 'name': 'Willy Yamdeu Djonkouh'}, {'authorId': '2217857040', 'name': 'Cavin Epie Bekolo'}, {'authorId': '2210053139', 'name': 'Rodrigue Kamga Wouambo'}, {'authorId': '2217867413', 'name': 'Raspail Carrel Founou'}, {'authorId': '2195278542', 'name': 'Paule Dana Djouela Djoulako'}, {'authorId': '2217859753', 'name': 'Gilder Tonfak Temgoua'}, {'authorId': '5720315', 'name': 'B. Pokam'}, {'authorId': '1401659322', 'name': 'N. Antoine-Moussiaux'}, {'authorId': '3853724', 'name': 'T. Apalata'}]",Antibiotics,4c858f5b-d9cb-4a2a-bc42-7ef869b103d8,2023.0,42,0,0,False,"[{'category': 'Medicine', 'source': 's2-fos-model'}, {'category': 'Environmental Science', 'source': 's2-fos-model'}, {'category': 'Medicine', 'source': 'external'}]","['JournalArticle', 'Review']",2023-05-01,"{'name': 'Antibiotics', 'pages': None, 'volume': '12'}",,,10.3390/antibiotics12050929,10215436,,37237832,
37553840,"{'ACL': None, 'DBLP': None, 'ArXiv': None, 'MAG': '1993503890', 'CorpusId': '37553840', 'PubMed': None, 'DOI': '10.2307/2261525', 'PubMedCentral': None}",https://www.semanticscholar.org/paper/7b95b5bfd9033b624849fe695708a28f64582e44,comparative plant demography - relative importance of life-cycle components to the finite rate of increase in woody and herbaceous perennials,"[{'authorId': '48231050', 'name': 'J. Silvertown'}, {'authorId': '145283886', 'name': 'M. Franco'}, {'authorId': '48880293', 'name': 'I. Pisanty'}, {'authorId': '145597945', 'name': 'A. Mendoza'}]",,,1993.0,96,772,44,True,"[{'category': 'Environmental Science', 'source': 's2-fos-model'}, {'category': 'Biology', 'source': 's2-fos-model'}, {'category': 'Biology', 'source': 'external'}]",,1993-09-01,"{'name': 'Journal of Ecology', 'pages': '465-476', 'volume': '81'}",,,10.2307/2261525,,1993503890,,
73431108,"{'ACL': None, 'DBLP': None, 'ArXiv': None, 'MAG': '2119579634', 'CorpusId': '73431108', 'PubMed': '30708589', 'DOI': '10.1094/PDIS-02-13-0206-PDN', 'PubMedCentral': None}",https://www.semanticscholar.org/paper/4fe5815cc30be27c6cb036194fa16dfa9ac7f18e,First Report of Citrus Root Rot Caused by Phytophthora palmivora in Egypt.,"[{'authorId': '38618917', 'name': 'Y. Ahmed'}, {'authorId': '1400391983', 'name': 'A. D’Onghia'}, {'authorId': '46502925', 'name': 'A. Ippolito'}, {'authorId': '152630829', 'name': 'T. Yaseen'}]",Plant Disease,bc2f762a-df83-4eb9-9a9c-c7edd8e22f81,2014.0,1,6,0,False,"[{'category': 'Environmental Science', 'source': 's2-fos-model'}, {'category': 'Agricultural and Food Sciences', 'source': 's2-fos-model'}, {'category': 'Biology', 'source': 'external'}, {'category': 'Medicine', 'source': 'external'}]","['JournalArticle', 'Review']",,"{'name': 'Plant disease', 'pages': '\n          155\n        ', 'volume': '98 1'}",,,10.1094/PDIS-02-13-0206-PDN,,2119579634,30708589,
4286278,"{'ACL': None, 'DBLP': None, 'ArXiv': None, 'MAG': None, 'CorpusId': '4286278', 'PubMed': None, 'DOI': '10.1038/2141287c0', 'PubMedCentral': None}",https://www.semanticscholar.org/paper/935fd87111e74babe101b03b6434b6f9675024de,RNA Bacteriophage Replication,"[{'authorId': '40768238', 'name': 'Our Correspondent in Molecular Biology'}]",Nature,6c24a0a0-b07d-4d7b-a19b-fd09a3ed453a,1967.0,0,0,0,False,,,,"{'name': 'Nature', 'pages': '1287-1288', 'volume': '214'}",,,10.1038/2141287c0,,,,
78794320,"{'ACL': None, 'DBLP': None, 'ArXiv': None, 'MAG': '2516677566', 'CorpusId': '78794320', 'PubMed': None, 'DOI': '10.11340/SKINRESEARCH1959.36.806', 'PubMedCentral': None}",https://www.semanticscholar.org/paper/790493259bf71627c1b6869fa0c7ead0ba5c1592,A Case of Varicella Pneumonia,"[{'authorId': '90259546', 'name': 'T. Nishimura'}, {'authorId': '46705074', 'name': 'Y. Abe'}, {'authorId': '49124386', 'name': 'T. Okazawa'}]",,,1994.0,6,0,0,False,"[{'category': 'Medicine', 'source': 's2-fos-model'}, {'category': 'Medicine', 'source': 'external'}]",,,"{'name': '', 'pages': '806-810', 'volume': '36'}",,,10.11340/SKINRESEARCH1959.36.806,,2516677566,,
194216967,"{'ACL': None, 'DBLP': None, 'ArXiv': None, 'MAG': '2205828395', 'CorpusId': '194216967', 'PubMed': None, 'DOI': None, 'PubMedCentral': None}",https://www.semanticscholar.org/paper/9f671a20746a99a0727c6a3c9e5f391234906086,Les écoles d' horlogerie de Besançon : une contribution décisive au développement industriel local et régional (1793-1974),"[{'authorId': '146337479', 'name': 'Claude Briselance'}]",,,2015.0,0,0,0,False,,,2015-10-28,"{'name': '', 'pages': None, 'volume': ''}",,,,,2205828395,,
214090037,"{'ACL': None, 'DBLP': None, 'ArXiv': None, 'MAG': '3006965596', 'CorpusId': '214090037', 'PubMed': None, 'DOI': None, 'PubMedCentral': None}",https://www.semanticscholar.org/paper/921b77f104aee543bb9281d5ba18a3567773fb12,Entrepreneurship Development as a Strategy for Expansion of Employment Opportunities in the Rural Sector (With Special Reference to Kurunegala District),"[{'authorId': '123353780', 'name': 'H. Bandara'}]",,,2019.0,0,0,0,False,,,,"{'name': '', 'pages': None, 'volume': ''}",,,,,3006965596,,
56555627,"{'ACL': None, 'DBLP': None, 'ArXiv': None, 'MAG': '2003584659', 'CorpusId': '56555627', 'PubMed': None, 'DOI': '10.1016/J.IJROBP.2008.06.048', 'PubMedCentral': None}",https://www.semanticscholar.org/paper/524f38e2d28c1893e2039c793addba40d4ca50a9,In Vivo Dosimetry of Skin Dose during HDR Breast Brachytherapy using Balloon Catheter,"[{'authorId': '48388977', 'name': 'Siyong Kim'}, {'authorId': '2218346664', 'name': 'S. Oh'}, {'authorId': '4841502', 'name': 'A. Gale'}, {'authorId': '6944870', 'name': 'L. Vallow'}]",,,2008.0,0,0,0,False,"[{'category': 'Medicine', 'source': 's2-fos-model'}, {'category': 'Physics', 'source': 's2-fos-model'}, {'category': 'Engineering', 'source': 's2-fos-model'}, {'category': 'Medicine', 'source': 'external'}]",,2008-09-01,"{'name': 'International Journal of Radiation Oncology Biology Physics', 'pages': None, 'volume': '72'}",,,10.1016/J.IJROBP.2008.06.048,,2003584659,,
82089198,"{'ACL': None, 'DBLP': None, 'ArXiv': None, 'MAG': '597454923', 'CorpusId': '82089198', 'PubMed': None, 'DOI': None, 'PubMedCentral': None}",https://www.semanticscholar.org/paper/a8cee3a0f83fb04e4be665fc930b908dc6f5d94b,薬物療法 チロシンキナーゼ阻害剤の臨床 (特集 骨髄性白血病--病因・治療研究の進歩) -- (治療法の進歩),"[{'authorId': '80191277', 'name': '東條 有伸'}]",,,2009.0,0,0,0,False,"[{'category': 'Biology', 'source': 's2-fos-model'}, {'category': 'Chemistry', 'source': 'external'}]",,2009-10-01,,,,,,597454923,,
73871837,"{'ACL': None, 'DBLP': None, 'ArXiv': None, 'MAG': '2292896496', 'CorpusId': '73871837', 'PubMed': None, 'DOI': None, 'PubMedCentral': None}",https://www.semanticscholar.org/paper/7b7184b56c95f10c18d3ffcc4d1e65f54310ad49,Pratique de l'entretien motivationnel : communiquer avec le patient en consultation,"[{'authorId': '2097600693', 'name': 'Stephen Miller William R. Butler Christopher C. Languérand Rollnick'}]",,,2009.0,0,17,0,False,,,,"{'name': '', 'pages': None, 'volume': ''}",,,,,2292896496,,
99115501,"{'ACL': None, 'DBLP': None, 'ArXiv': None, 'MAG': '2553153106', 'CorpusId': '99115501', 'PubMed': None, 'DOI': '10.1016/J.NIMB.2016.10.036', 'PubMedCentral': None}",https://www.semanticscholar.org/paper/675db4a5fca1cdb346c4a1efc8f0e290aa85ea8d,Interaction of hydrogen and helium with nanometric dislocation loops in tungsten assessed by atomistic calculations,"[{'authorId': '92038635', 'name': 'P. Grigorev'}, {'authorId': '13420849', 'name': 'A. Bakaev'}, {'authorId': '143816904', 'name': 'D. Terentyev'}, {'authorId': '31166527', 'name': 'G. Oost'}, {'authorId': '29982075', 'name': 'J. Noterdaeme'}, {'authorId': '92566418', 'name': 'E. Zhurkin'}]",,,2017.0,32,14,1,False,"[{'category': 'Materials Science', 'source': 's2-fos-model'}, {'category': 'Physics', 'source': 's2-fos-model'}, {'category': 'Materials Science', 'source': 'external'}]",,2017-02-15,"{'name': 'Nuclear Instruments & Methods in Physics Research Section B-beam Interactions With Materials and Atoms', 'pages': '164-168', 'volume': '393'}",,,10.1016/J.NIMB.2016.10.036,,2553153106,,
179081275,"{'ACL': None, 'DBLP': None, 'ArXiv': None, 'MAG': '1538221285', 'CorpusId': '179081275', 'PubMed': None, 'DOI': None, 'PubMedCentral': None}",https://www.semanticscholar.org/paper/0f4b0e4ee3275120136690e1cb49f6284354dadd,2a-N-2 3次元固体ヘリウム3の核磁性,"[{'authorId': '104271837', 'name': '水崎 隆雄'}]",,,1998.0,0,0,0,False,,,1998-03-10,"{'name': '', 'pages': '155', 'volume': '53'}",,,,,1538221285,,
181456576,"{'ACL': None, 'DBLP': None, 'ArXiv': None, 'MAG': '614023962', 'CorpusId': '181456576', 'PubMed': None, 'DOI': None, 'PubMedCentral': None}",https://www.semanticscholar.org/paper/20599b27c7703e5d7b396828b8f219dae684f6e3,Paul Tillich Sein Leben und Denken,"[{'authorId': '2094370165', 'name': 'W. Pauck'}, {'authorId': '2098237175', 'name': 'Marion Pauck'}, {'authorId': '47812387', 'name': 'Paul Tillich'}]",,,1976.0,0,0,0,False,,,,,,,,,614023962,,
186375032,"{'ACL': None, 'DBLP': None, 'ArXiv': None, 'MAG': '2770097070', 'CorpusId': '186375032', 'PubMed': None, 'DOI': None, 'PubMedCentral': None}",https://www.semanticscholar.org/paper/daad43b1f42fd114ab5076f09e903a9973e48d9e,Kinking the cottage,"[{'authorId': '88514694', 'name': 'D. Keuning'}]",,,2014.0,0,0,0,False,,,,"{'name': '', 'pages': '98-101', 'volume': ''}",,,,,2770097070,,
199840403,"{'ACL': None, 'DBLP': None, 'ArXiv': None, 'MAG': '434322541', 'CorpusId': '199840403', 'PubMed': None, 'DOI': None, 'PubMedCentral': None}",https://www.semanticscholar.org/paper/05e7713b541bae62e1d88ba8a90fe7c4d636aa02,Catalogue sommaire des gravures et lithographies composant la réserve,"[{'authorId': '120872388', 'name': 'Bibliothèque nationale . Cabinet des estampes'}]",,,,0,1,0,False,,,,"{'name': '', 'pages': None, 'volume': ''}",,,,,434322541,,
204079890,"{'ACL': None, 'DBLP': None, 'ArXiv': None, 'MAG': '2977213583', 'CorpusId': '204079890', 'PubMed': None, 'DOI': None, 'PubMedCentral': None}",https://www.semanticscholar.org/paper/aa9b101ecc1a31827de060f093333178c3cbf29f,A perceptually-constrained visual word recognition model,"[{'authorId': '6855348', 'name': 'Raquel G. Alhama'}, {'authorId': '3696991', 'name': 'Noam Siegelman'}, {'authorId': '39340750', 'name': 'R. Frost'}, {'authorId': '3108990', 'name': 'Blair C. Armstrong'}]",,,2019.0,0,0,0,False,"[{'category': 'Computer Science', 'source': 's2-fos-model'}, {'category': 'Psychology', 'source': 's2-fos-model'}, {'category': 'Computer Science', 'source': 'external'}]",,,"{'name': '', 'pages': None, 'volume': ''}",,,,,2977213583,,
220353019,"{'ACL': None, 'DBLP': None, 'ArXiv': None, 'MAG': None, 'CorpusId': '220353019', 'PubMed': None, 'DOI': '10.1080/21501203.2014.977545', 'PubMedCentral': None}",https://www.semanticscholar.org/paper/01df62f75bf62a80f39322620bd2b64c62b76b24,Editorial Board,[],,,2014.0,0,0,0,False,,,2014-10-02,"{'name': 'Mycology', 'pages': 'ebi - ebi', 'volume': '5'}",,,10.1080/21501203.2014.977545,,,,
222856387,"{'ACL': None, 'DBLP': None, 'ArXiv': None, 'MAG': '3032192341', 'CorpusId': '222856387', 'PubMed': None, 'DOI': None, 'PubMedCentral': None}",https://www.semanticscholar.org/paper/fa588550e96ddc3ba3384323fbfab0ebcbe2225c,简易锁骨下静脉穿刺射管输液法,"[{'authorId': '1998103216', 'name': '宋成斌'}, {'authorId': '1998104478', 'name': '吕治年'}]",,,1981.0,0,0,0,False,,,1981-07-20,"{'name': '', 'pages': '397-397', 'volume': '19'}",,,,,3032192341,,
122599050,"{'ACL': None, 'DBLP': None, 'ArXiv': None, 'MAG': '2081456993', 'CorpusId': '122599050', 'PubMed': None, 'DOI': '10.1111/J.1538-4632.2005.03702002.X', 'PubMedCentral': None}",https://www.semanticscholar.org/paper/ef34b52553f9b97a2557d25bd33c0e658d3e2723,Spatial prediction and surface modeling,"[{'authorId': '2139380', 'name': 'P. Atkinson'}]",,,2005.0,31,14,0,False,"[{'category': 'Geography', 'source': 's2-fos-model'}, {'category': 'Computer Science', 'source': 's2-fos-model'}, {'category': 'Computer Science', 'source': 'external'}]",,2005-04-01,"{'name': 'Geographical Analysis', 'pages': '113-123', 'volume': '37'}",,,10.1111/J.1538-4632.2005.03702002.X,,2081456993,,
219591472,"{'ACL': None, 'DBLP': 'conf/sisy/GnipD19', 'ArXiv': None, 'MAG': '3035471836', 'CorpusId': '219591472', 'PubMed': None, 'DOI': '10.1109/SISY47553.2019.9111557', 'PubMedCentral': None}",https://www.semanticscholar.org/paper/501bd6ff16aa9e1136cebdb0c2a1f28431076216,Ensemble methods for strongly imbalanced data: bankruptcy prediction,"[{'authorId': '51939814', 'name': 'Peter Gnip'}, {'authorId': '48412492', 'name': 'P. Drotár'}]",Symposium on Intelligent Systems and Informatics,ca7c5b48-6fe3-4fff-87b1-c3101ec9603b,2019.0,36,7,0,False,"[{'category': 'Computer Science', 'source': 's2-fos-model'}, {'category': 'Business', 'source': 's2-fos-model'}, {'category': 'Computer Science', 'source': 'external'}]",['JournalArticle'],2019-09-01,"{'name': '2019 IEEE 17th International Symposium on Intelligent Systems and Informatics (SISY)', 'pages': '155-160', 'volume': None}",,conf/sisy/GnipD19,10.1109/SISY47553.2019.9111557,,3035471836,,
172709235,"{'ACL': None, 'DBLP': None, 'ArXiv': None, 'MAG': '8849341', 'CorpusId': '172709235', 'PubMed': None, 'DOI': None, 'PubMedCentral': None}",https://www.semanticscholar.org/paper/9822940563ff0841858857b6b79874e91a634cd0,Óscar Esplá y Triay: el estudio monográfico documental,"[{'authorId': '40033272', 'name': 'S. Seguí'}]",,,1993.0,0,0,0,False,,,,,,,,,8849341,,
153872722,"{'ACL': None, 'DBLP': None, 'ArXiv': None, 'MAG': '1986313625', 'CorpusId': '153872722', 'PubMed': None, 'DOI': '10.1353/SAIS.1998.0017', 'PubMedCentral': None}",https://www.semanticscholar.org/paper/3763dfd1ced6e354b15138dbece934880b914aff,Economic Development and the Limits of Institutionalism,"[{'authorId': '49726442', 'name': 'David Williams'}]",,,1998.0,18,5,0,False,"[{'category': 'Economics', 'source': 's2-fos-model'}, {'category': 'Political Science', 'source': 's2-fos-model'}, {'category': 'Economics', 'source': 'external'}]",,1998-01-01,"{'name': 'SAIS Review', 'pages': '1 - 17', 'volume': '18'}",,,10.1353/SAIS.1998.0017,,1986313625,,
264049796,"{'ACL': None, 'DBLP': None, 'ArXiv': None, 'MAG': None, 'CorpusId': '264049796', 'PubMed': None, 'DOI': '10.59558/jesz.2020.4.2', 'PubMedCentral': None}",https://www.semanticscholar.org/paper/2697f33bbc2cc2bd0ae370f4d59b9837aff45fa2,A társadalmi akadálymentesítés. Az akadálymentesség teljesebbé válásának egyik lehetséges útja a bizalmi vagyonkezelés alkalmazásával,"[{'authorId': '2089278316', 'name': 'Jácint Farkas'}, {'authorId': '2083548980', 'name': 'E. Nagy'}]",Jogelméleti Szemle,,2020.0,0,0,0,False,,['JournalArticle'],2020-12-10,"{'name': 'Jogelméleti Szemle', 'pages': None, 'volume': None}",,,10.59558/jesz.2020.4.2,,,,
184037610,"{'ACL': None, 'DBLP': None, 'ArXiv': None, 'MAG': '2489448664', 'CorpusId': '184037610', 'PubMed': None, 'DOI': '10.1515/9783110261905.293', 'PubMedCentral': None}",https://www.semanticscholar.org/paper/43792f7a973dd5af8ef97b0b601656ddcc5a9038,Teil C. Das französische Tempussystem integrativ,"[{'authorId': '145457789', 'name': 'M. Viguier'}]",,,2012.0,0,0,0,False,,,,,,,10.1515/9783110261905.293,,2489448664,,
182334866,"{'ACL': None, 'DBLP': None, 'ArXiv': None, 'MAG': '2946328542', 'CorpusId': '182334866', 'PubMed': None, 'DOI': None, 'PubMedCentral': None}",https://www.semanticscholar.org/paper/864f896bc4a0b594b34c71b40cd4cd4258d72224,Multiple sclerosis plaques on nervous pathways: A computational model using neural networks,"[{'authorId': '6727411', 'name': 'Fernando Buarque de Lima-Neto'}, {'authorId': '144228854', 'name': 'Philippe De Wilde'}]",,,2002.0,0,0,0,False,"[{'category': 'Computer Science', 'source': 's2-fos-model'}, {'category': 'Medicine', 'source': 's2-fos-model'}, {'category': 'Computer Science', 'source': 'external'}]",,,"{'name': 'Differential Equations and Dynamical Systems', 'pages': '215-234', 'volume': '10'}",,,,,2946328542,,
192484922,"{'ACL': None, 'DBLP': None, 'ArXiv': None, 'MAG': '1551670039', 'CorpusId': '192484922', 'PubMed': None, 'DOI': None, 'PubMedCentral': None}",https://www.semanticscholar.org/paper/d6ce0e6d02168345537df21bab9a19f67f85ecae,"Reseña de ""Hacer escuela, hacer estado. La educación posrevolucionaria vista desde Tlaxcala"" de Elsie Rockwell","[{'authorId': '80528290', 'name': 'Alicia Civera'}]",,,2008.0,0,1,0,False,,,,"{'name': '', 'pages': '242-246', 'volume': ''}",,,,,1551670039,,
153524263,"{'ACL': None, 'DBLP': None, 'ArXiv': None, 'MAG': '1994452652', 'CorpusId': '153524263', 'PubMed': None, 'DOI': '10.1111/J.1467-8381.2007.00244.X', 'PubMedCentral': None}",https://www.semanticscholar.org/paper/1c82b91fdd460579da06db2a414592ff9fd68a78,Managing Food Price Instability in Asia: A Macro Food Security Perspective *,"[{'authorId': '47570026', 'name': 'C. Timmer'}, {'authorId': '47420775', 'name': 'D. Dawe'}]",,,2007.0,31,50,3,False,"[{'category': 'Economics', 'source': 's2-fos-model'}, {'category': 'Economics', 'source': 'external'}]",,2007-03-01,"{'name': 'Asian Economic Journal', 'pages': '1-18', 'volume': '21'}",,,10.1111/J.1467-8381.2007.00244.X,,1994452652,,
204781074,"{'ACL': None, 'DBLP': None, 'ArXiv': None, 'MAG': None, 'CorpusId': '204781074', 'PubMed': None, 'DOI': None, 'PubMedCentral': None}",https://www.semanticscholar.org/paper/aced2f131a2c3443f3ee02957bca1ee37f3441ca,Impact of Social Media Expressions on Co-creation of Innovation,"[{'authorId': '48858216', 'name': 'T. Singhal'}, {'authorId': '51895564', 'name': 'Samir Yerpude'}]",,,2018.0,34,1,0,False,,,,,,,,,,,
250466801,"{'ACL': None, 'DBLP': None, 'ArXiv': None, 'MAG': None, 'CorpusId': '250466801', 'PubMed': None, 'DOI': '10.1002/nano.202200059', 'PubMedCentral': None}",https://www.semanticscholar.org/paper/0d1c0e44994a8ed342e0a661288a6442e90898c9,"Green synthesis of γ‐aminobutyric acid using permeabilized probiotic
 Enterococcus faecium
 for biocatalytic application","[{'authorId': '31917554', 'name': 'Divyashri Gangaraju'}, {'authorId': '8674834', 'name': 'A. Raghu'}, {'authorId': '15612374', 'name': 'Prapulla Siddalingaiya Gurudutt'}]",Nano Select,a61afba4-185a-4730-8d82-60d3f459d2c3,2022.0,29,15,0,False,,,2022-07-10,"{'name': 'Nano Select', 'pages': None, 'volume': None}",,,10.1002/nano.202200059,,,,
160639247,"{'ACL': None, 'DBLP': None, 'ArXiv': None, 'MAG': '632126652', 'CorpusId': '160639247', 'PubMed': None, 'DOI': None, 'PubMedCentral': None}",https://www.semanticscholar.org/paper/792f63e1a4fa962fd5894cf002a2e8d96ea39b7b,Die Ostgebiete des Deutschen Reiches : ein Taschenbuch,"[{'authorId': '91734433', 'name': 'G. Rhode'}]",,,1955.0,0,1,0,False,,,,"{'name': '', 'pages': None, 'volume': ''}",,,,,632126652,,
168204084,"{'ACL': None, 'DBLP': None, 'ArXiv': None, 'MAG': '2519506276', 'CorpusId': '168204084', 'PubMed': None, 'DOI': '10.15375/zwer-2004-0205', 'PubMedCentral': None}",https://www.semanticscholar.org/paper/b529b54e4ac6d9dfffad06835d49fbcaf3692f06,Die Entscheidung „Depotkosmetik im Internet“ des Bundesgerichtshofs,"[{'authorId': '145702946', 'name': 'C. Becker'}, {'authorId': '83027944', 'name': 'A. Pfeiffer'}]",,,2004.0,0,0,0,False,"[{'category': 'Law', 'source': 's2-fos-model'}, {'category': 'Political Science', 'source': 'external'}]",,2004-05-01,"{'name': 'Zeitschrift für Wettbewerbsrecht', 'pages': '268 - 284', 'volume': '2'}",,,10.15375/zwer-2004-0205,,2519506276,,
218155783,"{'ACL': None, 'DBLP': None, 'ArXiv': None, 'MAG': '2268184171', 'CorpusId': '218155783', 'PubMed': None, 'DOI': None, 'PubMedCentral': None}",https://www.semanticscholar.org/paper/b785fbfa3358e34d8b73ae02ba7692e730381c17,抓好油气开发的“临门一脚”——石油工程专家刘合教授谈现代油气井射孔技术,"[{'authorId': '1698381217', 'name': '敏锐'}]",,,2015.0,0,0,0,False,,,,"{'name': '', 'pages': '12-13', 'volume': ''}",,,,,2268184171,,
201226435,"{'ACL': None, 'DBLP': None, 'ArXiv': None, 'MAG': '2965968735', 'CorpusId': '201226435', 'PubMed': None, 'DOI': None, 'PubMedCentral': None}",https://www.semanticscholar.org/paper/e42a6c0a3ce090f0b566a90aff1ae3efa28a3dad,EFFICACY OF FOLIAR SPRAYS OF HUMIC ACID THROUGH VERMICOMPOST WASH WITH NAA ON GROWTH AND YIELD OF WHEAT,"[{'authorId': '1395982283', 'name': 'S. Gare'}]",,,2015.0,0,0,0,False,"[{'category': 'Agricultural and Food Sciences', 'source': 's2-fos-model'}, {'category': 'Chemistry', 'source': 'external'}]",,2015-05-16,"{'name': '', 'pages': None, 'volume': ''}",,,,,2965968735,,
265930238,"{'ACL': None, 'DBLP': None, 'ArXiv': None, 'MAG': None, 'CorpusId': '265930238', 'PubMed': '38054993', 'DOI': '10.1007/s00264-023-06056-6', 'PubMedCentral': None}",https://www.semanticscholar.org/paper/a09f1ac5504edfed90b86a6bdeec1f4d5457c85e,Reply to Letter to the Editor regarding the article: “Joint preservation surgery for correcting adolescents’ spasmodic flatfoot deformity: early results from a Specialized North African Foot and ankle unit”,"[{'authorId': '2240865143', 'name': 'Ahmed A. Khalifa'}, {'authorId': '2271255068', 'name': 'Mohamed Tawfik'}, {'authorId': '115114999', 'name': 'Amr A. Fadle'}]",International Orthopaedics,997311e4-5991-43b7-8a28-55c9e7e21795,2023.0,6,0,0,False,"[{'category': 'Medicine', 'source': 's2-fos-model'}, {'category': 'Medicine', 'source': 'external'}]","['JournalArticle', 'LettersAndComments']",2023-12-06,"{'name': 'International Orthopaedics', 'pages': '321-322', 'volume': '48'}",,,10.1007/s00264-023-06056-6,,,38054993,
238724897,"{'ACL': None, 'DBLP': None, 'ArXiv': None, 'MAG': '3189350936', 'CorpusId': '238724897', 'PubMed': None, 'DOI': '10.1108/jaee-11-2020-0292', 'PubMedCentral': None}",https://www.semanticscholar.org/paper/12ecc0d9c0546753b16ccdae6cc1157578f225c2,"Taking stock and moving forward: a systematic literature review on accounting professionalisation in China, 1980–2021","[{'authorId': '2070075503', 'name': 'W. Wen'}]",Journal of Accounting in Emerging Economies,bd9f29a6-00af-4407-834d-cf795a32d4d9,2021.0,143,4,0,False,"[{'category': 'Business', 'source': 's2-fos-model'}, {'category': 'Economics', 'source': 's2-fos-model'}, {'category': 'Sociology', 'source': 'external'}]",['Review'],2021-08-10,"{'name': 'Journal of Accounting in Emerging Economies', 'pages': None, 'volume': None}",,,10.1108/jaee-11-2020-0292,,3189350936,,
157228697,"{'ACL': None, 'DBLP': None, 'ArXiv': None, 'MAG': '2530294382', 'CorpusId': '157228697', 'PubMed': None, 'DOI': '10.3726/B10467', 'PubMedCentral': None}",https://www.semanticscholar.org/paper/841a7ea4e6c4fc63458bfdbcdaec372b55a0d7c8,Advances in Intergroup Communication,"[{'authorId': '145377916', 'name': 'H. Giles'}, {'authorId': '39293002', 'name': 'A. Maass'}]",,,2016.0,0,34,0,False,"[{'category': 'Sociology', 'source': 's2-fos-model'}, {'category': 'Psychology', 'source': 'external'}]",,2016-03-30,"{'name': '', 'pages': None, 'volume': ''}",,,10.3726/B10467,,2530294382,,
63344908,"{'ACL': None, 'DBLP': None, 'ArXiv': None, 'MAG': '2497568929', 'CorpusId': '63344908', 'PubMed': None, 'DOI': '10.4018/978-1-60566-206-0.CH023', 'PubMedCentral': None}",https://www.semanticscholar.org/paper/cfdda1e8dea42f79357b4a9b385ba6d1fc750d8c,Experiences using Information and Communication Technologies with Children Affected by Cerebral Palsy,"[{'authorId': '10317947', 'name': 'Thais Pousada'}, {'authorId': '39928704', 'name': 'M. Piñeiro'}, {'authorId': '72233830', 'name': 'Yolanda Vizcaya'}]",,,2011.0,13,1,0,True,"[{'category': 'Medicine', 'source': 's2-fos-model'}, {'category': 'Psychology', 'source': 'external'}]",,,"{'name': '', 'pages': '358-370', 'volume': ''}",,,10.4018/978-1-60566-206-0.CH023,,2497568929,,
15616987,"{'ACL': None, 'DBLP': None, 'ArXiv': None, 'MAG': '2185521580', 'CorpusId': '15616987', 'PubMed': None, 'DOI': None, 'PubMedCentral': None}",https://www.semanticscholar.org/paper/8abf8307e4564e78a9fec264773c629d5beb51ba,Assortative Mating and Income Inequality in Taiwan: A Quantile Regression Approach,"[{'authorId': '49065420', 'name': 'S. Tsai'}, {'authorId': '38930704', 'name': 'Chung-Ming Kuan'}]",,,2003.0,63,4,0,False,"[{'category': 'Sociology', 'source': 's2-fos-model'}, {'category': 'Economics', 'source': 'external'}]",,,"{'name': '', 'pages': None, 'volume': ''}",,,,,2185521580,,
89122927,"{'ACL': None, 'DBLP': None, 'ArXiv': None, 'MAG': '2399066132', 'CorpusId': '89122927', 'PubMed': None, 'DOI': None, 'PubMedCentral': None}",https://www.semanticscholar.org/paper/b63994dc77c2fb86703c6cf81d7d444ce55d0f6f,The Behaviour of Treponema gallinarum at Low Temperatures.,"[{'authorId': '87701617', 'name': 'A. Neiva'}]",,,,0,0,0,False,"[{'category': 'Medicine', 'source': 's2-fos-model'}, {'category': 'Environmental Science', 'source': 's2-fos-model'}, {'category': 'Biology', 'source': 'external'}]",,,,,,,,2399066132,,
161530920,"{'ACL': None, 'DBLP': None, 'ArXiv': None, 'MAG': '1837019212', 'CorpusId': '161530920', 'PubMed': None, 'DOI': None, 'PubMedCentral': None}",https://www.semanticscholar.org/paper/aed6b9d1e9593c5363ff929394ed87d267291d76,"Financement des collectivités locales : prêts « vanille » et non plus structurés, retour aux bons vieux classiques","[{'authorId': '49799609', 'name': 'J. Dreyfus'}]",,,2012.0,0,0,0,False,,,2012-02-01,"{'name': '', 'pages': None, 'volume': ''}",,,,,1837019212,,
123594221,"{'ACL': None, 'DBLP': None, 'ArXiv': None, 'MAG': '2360565821', 'CorpusId': '123594221', 'PubMed': None, 'DOI': None, 'PubMedCentral': None}",https://www.semanticscholar.org/paper/318df267a78f3ea1509a9ce8ecea1ca8245a09df,DYNAMIC BEHAVIOR OF THE ON-SET AND DAMPING PROCESS OF THE THERMO-ACOUSTIC ENGINE,"[{'authorId': '144860524', 'name': 'L. Ying'}]",,,2009.0,0,0,0,False,"[{'category': 'Engineering', 'source': 's2-fos-model'}, {'category': 'Physics', 'source': 's2-fos-model'}, {'category': 'Physics', 'source': 'external'}]",,,"{'name': 'Journal of Engineering Thermophysics', 'pages': None, 'volume': ''}",,,,,2360565821,,
242294658,"{'ACL': None, 'DBLP': None, 'ArXiv': None, 'MAG': None, 'CorpusId': '242294658', 'PubMed': None, 'DOI': '10.1111/acer.13791', 'PubMedCentral': None}",https://www.semanticscholar.org/paper/86aae2425cc4638797f09620c83ff0dc2413188f,Issue Information,[],Alcoholism: Clinical and Experimental Research,,2019.0,0,0,0,True,,,2019-09-01,"{'name': 'Alcoholism: Clinical and Experimental Research', 'pages': None, 'volume': None}",,,10.1111/acer.13791,,,,
20901854,"{'ACL': None, 'DBLP': None, 'ArXiv': None, 'MAG': '1972162017', 'CorpusId': '20901854', 'PubMed': '9693076', 'DOI': '10.1006/RTPH.1998.1212', 'PubMedCentral': None}",https://www.semanticscholar.org/paper/53d9f0baa5cf6a260a90b0d0cb83a49ba4bed06c,Evaluating the coherence between environmental quality objectives and the acceptable or tolerable daily intake.,"[{'authorId': '2215647', 'name': 'A. Ragas'}, {'authorId': '4335045', 'name': 'M. Huijbregts'}]",Regulatory toxicology and pharmacology : RTP,,1998.0,24,19,0,False,"[{'category': 'Environmental Science', 'source': 's2-fos-model'}, {'category': 'Environmental Science', 'source': 'external'}, {'category': 'Medicine', 'source': 'external'}]",['JournalArticle'],1998-06-01,"{'name': 'Regulatory toxicology and pharmacology : RTP', 'pages': '\n          251-64\n        ', 'volume': '27 3'}",,,10.1006/RTPH.1998.1212,,1972162017,9693076,
265288747,"{'ACL': None, 'DBLP': 'journals/bmcmi/Khorshidi23', 'ArXiv': None, 'MAG': None, 'CorpusId': '265288747', 'PubMed': '37986046', 'DOI': '10.1186/s12880-023-01126-y', 'PubMedCentral': '10662793'}",https://www.semanticscholar.org/paper/b7c51c750cb93af7d64e3d30bbe136446c3f0911,Tumor segmentation via enhanced area growth algorithm for lung CT images,"[{'authorId': '5408062', 'name': 'A. Khorshidi'}]",BMC Medical Imaging,31319e83-8bcf-4d70-947d-f760d7c67d76,2023.0,55,0,0,False,"[{'category': 'Medicine', 'source': 's2-fos-model'}, {'category': 'Computer Science', 'source': 's2-fos-model'}, {'category': 'Medicine', 'source': 'external'}, {'category': 'Computer Science', 'source': 'external'}]",['JournalArticle'],2023-11-20,"{'name': 'BMC Medical Imaging', 'pages': None, 'volume': '23'}",,journals/bmcmi/Khorshidi23,10.1186/s12880-023-01126-y,10662793,,37986046,
54484490,"{'ACL': None, 'DBLP': None, 'ArXiv': None, 'MAG': '1975848182', 'CorpusId': '54484490', 'PubMed': '20725036', 'DOI': '10.1038/nature09331', 'PubMedCentral': None}",https://www.semanticscholar.org/paper/fbc572a33fa1f14b375a000bacf8d336012c6e09,A strong ferroelectric ferromagnet created by means of spin–lattice coupling,"[{'authorId': '2260191575', 'name': 'June Hyuk Lee'}, {'authorId': '145063996', 'name': 'L. Fang'}, {'authorId': '2654969', 'name': 'E. Vlahos'}, {'authorId': '2259981656', 'name': 'X. Ke'}, {'authorId': '2260293166', 'name': 'Young Woo Jung'}, {'authorId': '3411533', 'name': 'L. Kourkoutis'}, {'authorId': '97649581', 'name': 'Jong-Woo Kim'}, {'authorId': '2238952250', 'name': 'Philip J. Ryan'}, {'authorId': '152387501', 'name': 'T. Heeg'}, {'authorId': '7598472', 'name': 'M. Roeckerath'}, {'authorId': '79405242', 'name': 'V. Goian'}, {'authorId': '46354008', 'name': 'M. Bernhagen'}, {'authorId': '4602270', 'name': 'R. Uecker'}, {'authorId': '2259834230', 'name': 'P. Chris Hammel'}, {'authorId': '2260149761', 'name': 'K. Rabe'}, {'authorId': '2738170', 'name': 'S. Kamba'}, {'authorId': '49903334', 'name': 'J. Schubert'}, {'authorId': '2240814736', 'name': 'J. W. Freeland'}, {'authorId': '2260078842', 'name': 'David A. Muller'}, {'authorId': '5144801', 'name': 'C. Fennie'}, {'authorId': '13886458', 'name': 'P. Schiffer'}, {'authorId': '4369040', 'name': 'V. Gopalan'}, {'authorId': '1398066499', 'name': 'E. Johnston-Halperin'}, {'authorId': '2719075', 'name': 'D. Schlom'}]",Nature,6c24a0a0-b07d-4d7b-a19b-fd09a3ed453a,2010.0,50,501,2,False,"[{'category': 'Physics', 'source': 's2-fos-model'}, {'category': 'Materials Science', 'source': 's2-fos-model'}, {'category': 'Materials Science', 'source': 'external'}, {'category': 'Medicine', 'source': 'external'}]",['JournalArticle'],2010-08-19,"{'name': 'Nature', 'pages': '954-958', 'volume': '466'}",,,10.1038/nature09331,,1975848182,20725036,
268697564,"{'ACL': None, 'DBLP': None, 'ArXiv': None, 'MAG': None, 'CorpusId': '268697564', 'PubMed': None, 'DOI': '10.36106/ijsr/5804101', 'PubMedCentral': None}",https://www.semanticscholar.org/paper/0ac53db2689b38f497ccdbb27097b34f2f478d20,EVALUATION OF ANTERIOR SEGMENT CHANGES AFTER LASER PERIPHERAL IRIDOTOMY AND TRABECULECTOMY IN PRIMARY ANGLE CLOSURE GLAUCOMA USING SIRIUS SCHEIMPFLUG IMAGING,"[{'authorId': '2293451241', 'name': 'Dhara Mahendra'}, {'authorId': '2293456508', 'name': 'Manoj Kumar'}]",International journal of scientific research,832e2cdf-9402-4b7b-8f4f-31c2e4e7f11b,2024.0,0,0,0,False,,['JournalArticle'],2024-03-01,"{'name': 'INTERNATIONAL JOURNAL OF SCIENTIFIC RESEARCH', 'pages': None, 'volume': None}",,,10.36106/ijsr/5804101,,,,
17317040,"{'ACL': None, 'DBLP': None, 'ArXiv': None, 'MAG': None, 'CorpusId': '17317040', 'PubMed': None, 'DOI': None, 'PubMedCentral': None}",https://www.semanticscholar.org/paper/f6fcfe1f7e04699c42e885333ed472b736c56772,MULTI-LEVEL POLYCENTRIC SPATIAL DEVELOPMENT ( Spain ) : the Asturias Central Area,[],,,,0,0,0,False,,,,,,,,,,,
57733214,"{'ACL': None, 'DBLP': None, 'ArXiv': None, 'MAG': '571553627', 'CorpusId': '57733214', 'PubMed': None, 'DOI': None, 'PubMedCentral': None}",https://www.semanticscholar.org/paper/ba7ba50dc9ab6516c435522a7e631a103dc1c93a,"CARDIAC POSITRON COMPUTED TOMOGRAPHY (PCT) WITH N-13 AMMONIA IN MAN AND ITS USEFULNESS OF DYNAMIC STUDY : Doppler, RI : I : 48 Annual Scientific Meeting, Japanese Circulation Society","[{'authorId': '50155121', 'name': 'Katsuya Yoshida'}, {'authorId': '152737105', 'name': 'H. Imai'}, {'authorId': '13254138', 'name': 'Z. Yamada'}, {'authorId': '10227583', 'name': 'N. Morooka'}, {'authorId': '9431528', 'name': 'M. Shukuya'}, {'authorId': '49879350', 'name': 'Y. Masuda'}, {'authorId': '67320488', 'name': 'Y. Inagaki'}, {'authorId': '2057084070', 'name': 'T. Yamasaki'}, {'authorId': '1759317', 'name': 'Y. Tateno'}]",,,1984.0,0,0,0,False,"[{'category': 'Medicine', 'source': 's2-fos-model'}, {'category': 'Physics', 'source': 's2-fos-model'}, {'category': 'Medicine', 'source': 'external'}]",,1984-08-20,"{'name': 'Japanese Circulation Journal-english Edition', 'pages': '766', 'volume': '48'}",,,,,571553627,,
73187080,"{'ACL': None, 'DBLP': None, 'ArXiv': None, 'MAG': '2359661725', 'CorpusId': '73187080', 'PubMed': None, 'DOI': '10.1016/J.REVMED.2008.10.149', 'PubMedCentral': None}",https://www.semanticscholar.org/paper/6b101cea1182fd6755f0991ef166b4186370cb22,Maladie de Still de l’adulte mimant une crise drépanocytaire récurrente,"[{'authorId': '81557775', 'name': 'P. B. Mionga'}]",,,2008.0,3,1,0,False,,,2008-11-27,"{'name': 'Revue de Médecine Interne', 'pages': None, 'volume': '29'}",,,10.1016/J.REVMED.2008.10.149,,2359661725,,
102416176,"{'ACL': None, 'DBLP': None, 'ArXiv': None, 'MAG': '2393702819', 'CorpusId': '102416176', 'PubMed': None, 'DOI': None, 'PubMedCentral': None}",https://www.semanticscholar.org/paper/a2b1cdacd29b9da4d30d33bb60bf3c252d4d4ee7,Simulation of droplets impacting on solid surface at low velocity,"[{'authorId': '49167793', 'name': 'Wu Jie'}]",,,2013.0,0,0,0,False,"[{'category': 'Engineering', 'source': 's2-fos-model'}, {'category': 'Physics', 'source': 's2-fos-model'}, {'category': 'Chemistry', 'source': 'external'}]",,,"{'name': '', 'pages': None, 'volume': ''}",,,,,2393702819,,
100476127,"{'ACL': None, 'DBLP': None, 'ArXiv': None, 'MAG': '2527703173', 'CorpusId': '100476127', 'PubMed': None, 'DOI': None, 'PubMedCentral': None}",https://www.semanticscholar.org/paper/d6f2cebe22deed25cf099665aeb18dcf2a73b1f5,Non-testing in REACH?,"[{'authorId': '93965463', 'name': 'I. Hal'}]",,,2007.0,0,1,0,False,"[{'category': 'Environmental Science', 'source': 's2-fos-model'}, {'category': 'Chemistry', 'source': 's2-fos-model'}, {'category': 'Chemistry', 'source': 'external'}]",,,"{'name': 'Chimica Oggi-chemistry Today', 'pages': '14-16', 'volume': '25'}",,,,,2527703173,,
138760739,"{'ACL': None, 'DBLP': None, 'ArXiv': None, 'MAG': '2246401475', 'CorpusId': '138760739', 'PubMed': None, 'DOI': None, 'PubMedCentral': None}",https://www.semanticscholar.org/paper/ae4f1de4e8fc8424a4a01360b8bd708970295e9d,Separation of minerals using electrical fields,"[{'authorId': '92549233', 'name': 'G. Ballantyne'}, {'authorId': '70104502', 'name': 'P. Holtham'}]",,,2010.0,0,0,0,False,"[{'category': 'Materials Science', 'source': 's2-fos-model'}, {'category': 'Engineering', 'source': 's2-fos-model'}, {'category': 'Materials Science', 'source': 'external'}]",,,"{'name': '', 'pages': '575-579', 'volume': '1'}",,,,,2246401475,,
148629271,"{'ACL': None, 'DBLP': None, 'ArXiv': None, 'MAG': '2787159852', 'CorpusId': '148629271', 'PubMed': None, 'DOI': None, 'PubMedCentral': None}",https://www.semanticscholar.org/paper/df7fee2a0455e4b3ec75b6050f61e33ee1e80f3e,Changing the attitudes and behavior of African men towards contraception: myths facts obstacles and opportunities.,"[{'authorId': '67331175', 'name': 'K. Om'}, {'authorId': '84614708', 'name': 'Langlois Pf'}, {'authorId': '152301443', 'name': 'Lettenmaier Cl'}, {'authorId': '117229394', 'name': 'Rudy Sk'}, {'authorId': '8469381', 'name': 'F. Chikara'}, {'authorId': '118442579', 'name': 'Kotei Ma'}]",,,1994.0,0,0,0,False,"[{'category': 'Sociology', 'source': 's2-fos-model'}, {'category': 'Psychology', 'source': 'external'}]",,,"{'name': '', 'pages': None, 'volume': ''}",,,,,2787159852,,
132612270,"{'ACL': None, 'DBLP': None, 'ArXiv': None, 'MAG': '2381277681', 'CorpusId': '132612270', 'PubMed': None, 'DOI': None, 'PubMedCentral': None}",https://www.semanticscholar.org/paper/f7ce622be5dcae863b18d031ef63e84e96fd0914,Application of CFD in Airflow Study for Biosafety Laboratories,"[{'authorId': '144518870', 'name': 'Z. Jinming'}]",,,2007.0,0,0,0,False,"[{'category': 'Engineering', 'source': 's2-fos-model'}, {'category': 'Environmental Science', 'source': 's2-fos-model'}, {'category': 'Environmental Science', 'source': 'external'}]",,,,,,,,2381277681,,
177802287,"{'ACL': None, 'DBLP': None, 'ArXiv': None, 'MAG': '633654830', 'CorpusId': '177802287', 'PubMed': None, 'DOI': None, 'PubMedCentral': None}",https://www.semanticscholar.org/paper/8dc47d16533ea07975121785034f6328bbeb8376,哺乳類の性決定因子とH-Y抗原 (性の決定と分化 ),"[{'authorId': '136641217', 'name': '長井 幸史'}]",,,1982.0,0,0,0,False,,,,,,,,,633654830,,
198893053,"{'ACL': None, 'DBLP': None, 'ArXiv': None, 'MAG': '2739033737', 'CorpusId': '198893053', 'PubMed': None, 'DOI': None, 'PubMedCentral': None}",https://www.semanticscholar.org/paper/2c2fb4a5882ff20bda0bc0fcf0faa6514ca6c521,СОЦИАЛЬНЫЕ ФАКТОРЫ ПЕРЕДАЧИ ЗНАНИЙ И ОБМЕНА ЗНАНИЯМИ НА ПРИМЕРЕ РОССИЙСКОЙ БИЗНЕС-ОРГАНИЗАЦИИ,"[{'authorId': '151303055', 'name': 'О.В. Кирилкина'}]",,,2011.0,0,0,0,False,,,,,,,,,2739033737,,
120596926,"{'ACL': None, 'DBLP': None, 'ArXiv': None, 'MAG': '1923653462', 'CorpusId': '120596926', 'PubMed': None, 'DOI': '10.4099/MATH1924.17.187', 'PubMedCentral': None}",https://www.semanticscholar.org/paper/d5540fabd6d1ab984fcf5f3a1f35cc538212a682,Modular forms and the double transfer for BT 2,"[{'authorId': '47561107', 'name': 'Goro Nishida'}]",,,1991.0,7,6,0,True,"[{'category': 'Mathematics', 'source': 's2-fos-model'}, {'category': 'Mathematics', 'source': 'external'}]",,,"{'name': 'Japanese journal of mathematics. New series', 'pages': '187-201', 'volume': '17'}",,,10.4099/MATH1924.17.187,,1923653462,,
213330802,"{'ACL': None, 'DBLP': None, 'ArXiv': None, 'MAG': '3003412143', 'CorpusId': '213330802', 'PubMed': None, 'DOI': '10.36346/sarjhss.2019.v01i02.022', 'PubMedCentral': None}",https://www.semanticscholar.org/paper/f3e2a12000e1151d7154cd0afb9d3f1793219069,Relationship between Digital Literacy Awareness and Perceived Gossip Tendency among College Students,"[{'authorId': '98695446', 'name': 'Chaiyaset Promsri'}]",South Asian Research Journal of Humanities and Social Sciences,8f31137f-7f13-45be-9958-a1f6e430ffb7,2019.0,19,1,0,True,"[{'category': 'Education', 'source': 's2-fos-model'}, {'category': 'Business', 'source': 's2-fos-model'}, {'category': 'Psychology', 'source': 'external'}]",,2019-08-30,"{'name': 'South Asian Research Journal of Humanities and Social Sciences', 'pages': None, 'volume': None}",,,10.36346/sarjhss.2019.v01i02.022,,3003412143,,
10833500,"{'ACL': None, 'DBLP': None, 'ArXiv': None, 'MAG': '2048312879', 'CorpusId': '10833500', 'PubMed': '17014178', 'DOI': '10.1063/1.2335446', 'PubMedCentral': None}",https://www.semanticscholar.org/paper/980562c44fb9f31e1cd9fda9372389930eb669fc,"The lowest energy states of the group-IIIA-group-VA heteronuclear diatomics: BN, BP, AlN, and AlP from full configuration interaction calculations.","[{'authorId': '39592422', 'name': 'Zhengting Gan'}, {'authorId': '38289789', 'name': 'D. Grant'}, {'authorId': '145253928', 'name': 'R. Harrison'}, {'authorId': '1869473', 'name': 'D. Dixon'}]",Journal of Chemical Physics,1bb63b2b-3f57-4387-aaf6-b2a33dfcdcc5,2006.0,28,47,1,True,"[{'category': 'Chemistry', 'source': 's2-fos-model'}, {'category': 'Chemistry', 'source': 'external'}, {'category': 'Medicine', 'source': 'external'}]",['JournalArticle'],2006-09-28,"{'name': 'The Journal of chemical physics', 'pages': '\n          124311\n        ', 'volume': '125 12'}",,,10.1063/1.2335446,,2048312879,17014178,
20089662,"{'ACL': None, 'DBLP': None, 'ArXiv': None, 'MAG': '2418714126', 'CorpusId': '20089662', 'PubMed': '15191139', 'DOI': '10.1007/BF03403656', 'PubMedCentral': None}",https://www.semanticscholar.org/paper/562edbeda36bfb071f2f5270a9c27d345efe5f8c,The Balanced Scorecard,"[{'authorId': '2599284', 'name': 'N. Auger'}, {'authorId': '37478819', 'name': 'D. Roy'}]",Canadian journal of public health,8d301aac-f75f-40d6-8403-6e17cfe4d59a,2004.0,0,11,0,True,"[{'category': 'Business', 'source': 's2-fos-model'}, {'category': 'Medicine', 'source': 's2-fos-model'}, {'category': 'Medicine', 'source': 'external'}, {'category': 'Business', 'source': 'external'}]",['JournalArticle'],2004-05-01,"{'name': 'Canadian Journal of Public Health', 'pages': '233-234', 'volume': '95'}",,,10.1007/BF03403656,,2418714126,15191139,
63068375,"{'ACL': None, 'DBLP': None, 'ArXiv': None, 'MAG': '2384806106', 'CorpusId': '63068375', 'PubMed': None, 'DOI': None, 'PubMedCentral': None}",https://www.semanticscholar.org/paper/b0771282f77adcec96ff827466abf776a95b9ee7,Tobacco Mobile Service Monitoring System Based on GIS Simple Grid,"[{'authorId': '145359183', 'name': 'Y. Yi'}]",,,2012.0,0,0,0,False,"[{'category': 'Computer Science', 'source': 's2-fos-model'}, {'category': 'Computer Science', 'source': 'external'}]",,,"{'name': 'Computer Systems and Applications', 'pages': None, 'volume': ''}",,,,,2384806106,,
72915209,"{'ACL': None, 'DBLP': None, 'ArXiv': None, 'MAG': '2088285346', 'CorpusId': '72915209', 'PubMed': None, 'DOI': '10.1378/CHEST.132.4_MEETINGABSTRACTS.516A', 'PubMedCentral': None}",https://www.semanticscholar.org/paper/ffbc8e61868d8ed1aa986ec4671cbad4b2e35f0d,CLINICAL UTILITY OF NARROW BAND IMAGING FOR CENTRALLY LOCATED LESIONS IN THE LUNG,"[{'authorId': '10232503', 'name': 'Y. Miyazu'}, {'authorId': '38911904', 'name': 'A. Ishida'}, {'authorId': '73804366', 'name': 'M. Nakamura'}, {'authorId': '77595994', 'name': 'H. Ishikawa'}, {'authorId': '46786652', 'name': 'Masahiro Oshige'}, {'authorId': '5926182', 'name': 'S. Nobuyama'}, {'authorId': '32938853', 'name': 'Takeo Inoue'}, {'authorId': '12255616', 'name': 'T. Shirakawa'}, {'authorId': '4194297', 'name': 'T. Miyazawa'}]",,,2007.0,0,10,0,False,"[{'category': 'Medicine', 'source': 's2-fos-model'}, {'category': 'Medicine', 'source': 'external'}]",,2007-10-01,"{'name': 'Chest', 'pages': None, 'volume': '132'}",,,10.1378/CHEST.132.4_MEETINGABSTRACTS.516A,,2088285346,,
85755715,"{'ACL': None, 'DBLP': None, 'ArXiv': None, 'MAG': '2185437416', 'CorpusId': '85755715', 'PubMed': None, 'DOI': None, 'PubMedCentral': None}",https://www.semanticscholar.org/paper/774882b99447c2023e7f7a3715cdcf0d7cdc6e80,Regulation ofPhotosynthetic CarbonReduction Cycleby Ribulose Bisphosphate andPhosphoglyceric Acid1,"[{'authorId': '90162624', 'name': 'W. Shieh'}]",,,1991.0,8,0,0,False,"[{'category': 'Environmental Science', 'source': 's2-fos-model'}, {'category': 'Biology', 'source': 's2-fos-model'}, {'category': 'Biology', 'source': 'external'}]",,,"{'name': '', 'pages': None, 'volume': ''}",,,,,2185437416,,
52858045,"{'ACL': None, 'DBLP': None, 'ArXiv': None, 'MAG': '1982989665', 'CorpusId': '52858045', 'PubMed': None, 'DOI': '10.1186/CC9670', 'PubMedCentral': '3066924'}",https://www.semanticscholar.org/paper/fc03e84a10e87b3a68629b152deccd9a314b72d7,IFNγ prolongs survival in experimental Escherichia coli pyelonephritis: implications for favorable phagocytosis,"[{'authorId': '5408162', 'name': 'M. Katsaris'}, {'authorId': '6915110', 'name': 'T. Adamis'}, {'authorId': '6377817', 'name': 'M. Georgitsi'}, {'authorId': '4049992', 'name': 'A. Pistiki'}, {'authorId': '3732253', 'name': 'M. Chrisofos'}, {'authorId': '2075186693', 'name': 'E. Giamarellos-Bourboulis'}]",Critical Care,6fe3a1b3-be8f-4bf7-9b30-d8c9fbf0ecb3,2011.0,0,0,0,True,"[{'category': 'Medicine', 'source': 's2-fos-model'}, {'category': 'Biology', 'source': 's2-fos-model'}, {'category': 'Medicine', 'source': 'external'}]",,2011-03-01,"{'name': 'Critical Care', 'pages': 'P250 - P250', 'volume': '15'}",,,10.1186/CC9670,3066924,1982989665,,
175548404,"{'ACL': None, 'DBLP': None, 'ArXiv': None, 'MAG': '413433102', 'CorpusId': '175548404', 'PubMed': None, 'DOI': None, 'PubMedCentral': None}",https://www.semanticscholar.org/paper/c97cc645b5c6552417b1db56088a48240c66cd8d,史料紹介 争った女性--尾州領濃州各務郡前野村にみる女性の地位,"[{'authorId': '136195814', 'name': '渡辺 桃子'}]",,,2002.0,0,0,0,False,,,2002-03-01,"{'name': '', 'pages': '263-276', 'volume': ''}",,,,,413433102,,
76745315,"{'ACL': None, 'DBLP': None, 'ArXiv': None, 'MAG': '2411860053', 'CorpusId': '76745315', 'PubMed': None, 'DOI': None, 'PubMedCentral': None}",https://www.semanticscholar.org/paper/c8ab100fab8e2414d987dae58357214cec08e5ab,Bénéfices socio-économiques de la dilatation coronaire,"[{'authorId': '48921591', 'name': 'F. Boulay'}, {'authorId': '2056348065', 'name': 'P. David'}, {'authorId': '121159378', 'name': 'P. Val'}, {'authorId': '2056348065', 'name': 'P. David'}, {'authorId': '2059252704', 'name': 'M. G. Bourassa'}]",,,1984.0,0,0,0,False,"[{'category': 'Medicine', 'source': 's2-fos-model'}, {'category': 'Economics', 'source': 's2-fos-model'}, {'category': 'Sociology', 'source': 's2-fos-model'}, {'category': 'Medicine', 'source': 'external'}]",['Review'],1984-04-01,"{'name': 'Archives Des Maladies Du Coeur Et Des Vaisseaux', 'pages': '426-432', 'volume': '77'}",,,,,2411860053,,
221673644,"{'ACL': None, 'DBLP': None, 'ArXiv': None, 'MAG': None, 'CorpusId': '221673644', 'PubMed': None, 'DOI': None, 'PubMedCentral': None}",https://www.semanticscholar.org/paper/31478385c2cfb6a9244132fbdea0ba2b5f42d99f,ENHANCEMENT OF THE AVHRR–BASED BRIGHTNESS TEMPERATURE DATA,"[{'authorId': '1632352642', 'name': 'Z. Rahman'}, {'authorId': '38663998', 'name': 'L. Roytman'}, {'authorId': '153939287', 'name': 'A. Kadik'}, {'authorId': '66530926', 'name': 'D. Rosy'}]",,,2017.0,15,0,0,False,,,,,,,,,,,
113565652,"{'ACL': None, 'DBLP': None, 'ArXiv': None, 'MAG': '2393689746', 'CorpusId': '113565652', 'PubMed': None, 'DOI': None, 'PubMedCentral': None}",https://www.semanticscholar.org/paper/ae43c1290df980c109dc8372b28a6b969cd053aa,Technique Optimization for Extracting Cellulase from Helix Pomatia,"[{'authorId': '2076689484', 'name': 'Sun Zu-li'}]",,,2006.0,0,0,0,False,"[{'category': 'Environmental Science', 'source': 's2-fos-model'}, {'category': 'Chemistry', 'source': 'external'}]",,,,,,,,2393689746,,
53723223,"{'ACL': None, 'DBLP': None, 'ArXiv': '1302.5649', 'MAG': '2153120080', 'CorpusId': '53723223', 'PubMed': None, 'DOI': '10.1051/0004-6361/201220750', 'PubMedCentral': None}",https://www.semanticscholar.org/paper/24dc60fb8dea4a4496b55757d68e457a9c4f8014,NGC 7419 as a template for red supergiant clusters,"[{'authorId': '145874763', 'name': 'A. Marco'}, {'authorId': '5405096', 'name': 'I. Negueruela'}]",,,2013.0,73,26,6,True,"[{'category': 'Physics', 'source': 's2-fos-model'}, {'category': 'Physics', 'source': 'external'}]",,2013-02-22,"{'name': 'Astronomy and Astrophysics', 'pages': None, 'volume': '552'}",,,10.1051/0004-6361/201220750,,2153120080,,1302.5649
210736321,"{'ACL': None, 'DBLP': None, 'ArXiv': None, 'MAG': '2978158839', 'CorpusId': '210736321', 'PubMed': None, 'DOI': None, 'PubMedCentral': None}",https://www.semanticscholar.org/paper/175a3ebed0f0b77497374f6a33ceb9ff6a657458,Caracterización de las corrientes marinas en mares adyacentes a Cuba. Principales tendencias en los últimos años,"[{'authorId': '1488882998', 'name': 'Dayana Carracedo-Hidalgo'}, {'authorId': '1488889163', 'name': 'Dailín Reyes-Perdomo'}, {'authorId': '1488885549', 'name': 'Amílcar E. Calzada-Estrada'}, {'authorId': '1488885526', 'name': 'Dayron Chang-Domínguez'}, {'authorId': '1488882769', 'name': 'Alejandro Rodríguez-Pupo'}]",,,2019.0,0,1,0,False,"[{'category': 'Environmental Science', 'source': 's2-fos-model'}, {'category': 'Geography', 'source': 's2-fos-model'}, {'category': 'Geography', 'source': 'external'}]",,2019-09-17,"{'name': '', 'pages': None, 'volume': '25'}",,,,,2978158839,,
61880248,"{'ACL': None, 'DBLP': None, 'ArXiv': None, 'MAG': '2125383111', 'CorpusId': '61880248', 'PubMed': None, 'DOI': '10.1109/MWSCAS.1990.140942', 'PubMedCentral': None}",https://www.semanticscholar.org/paper/6b4fafce5eca04b0104fa58af2e1f97fcbaea156,The reliability of ring networks,"[{'authorId': '2272791953', 'name': 'E. Abuelyaman'}, {'authorId': '2272757689', 'name': 'Ece Yaprak'}, {'authorId': '2272757677', 'name': 'Jeorge Hedalgo'}, {'authorId': '2272651856', 'name': 'P. Y. ShankarReddy'}]",Proceedings of the 33rd Midwest Symposium on Circuits and Systems,,1990.0,5,1,0,False,"[{'category': 'Engineering', 'source': 's2-fos-model'}, {'category': 'Computer Science', 'source': 's2-fos-model'}, {'category': 'Computer Science', 'source': 'external'}]",,1990-08-12,"{'name': 'Proceedings of the 33rd Midwest Symposium on Circuits and Systems', 'pages': '1198-1201 vol.2', 'volume': None}",,,10.1109/MWSCAS.1990.140942,,2125383111,,
128725225,"{'ACL': None, 'DBLP': None, 'ArXiv': None, 'MAG': '1661948965', 'CorpusId': '128725225', 'PubMed': None, 'DOI': None, 'PubMedCentral': None}",https://www.semanticscholar.org/paper/c347c699bdac6651ac4f93247f8937a0b3d9ba1d,Los codesales (comunidades de Adenocarpus complicatus subsp. lainzii) del occidente gallego,"[{'authorId': '1411915699', 'name': 'J. Rodríguez-Oubiña'}, {'authorId': '120213441', 'name': 'Santiago Ortiz'}]",,,2009.0,1,0,0,False,,,2009-12-01,"{'name': '', 'pages': '61-65', 'volume': '8'}",,,,,1661948965,,
155980968,"{'ACL': None, 'DBLP': None, 'ArXiv': None, 'MAG': '2287435614', 'CorpusId': '155980968', 'PubMed': None, 'DOI': None, 'PubMedCentral': None}",https://www.semanticscholar.org/paper/cb34cdb0fa6782a88ecf8652df1d2b55da29cd99,China's approach to control of HIV. Modern use of tradition in a public security system.,"[{'authorId': '66161443', 'name': 'Anderson Af'}]",,,1995.0,0,1,0,False,"[{'category': 'Political Science', 'source': 's2-fos-model'}, {'category': 'Sociology', 'source': 's2-fos-model'}, {'category': 'Medicine', 'source': 's2-fos-model'}, {'category': 'Political Science', 'source': 'external'}]",,1995-04-01,"{'name': '', 'pages': '4', 'volume': '6'}",,,,,2287435614,,
225790380,"{'ACL': None, 'DBLP': None, 'ArXiv': None, 'MAG': '3039914050', 'CorpusId': '225790380', 'PubMed': None, 'DOI': '10.1088/1757-899X/833/1/012038', 'PubMedCentral': None}",https://www.semanticscholar.org/paper/e835cd92678d1b0b33d0f9dc2d42676df2ecaa36,Evaluation of The Stability and In Vitro Anti-inflammatory Activity of Partially Purified Bromelain Nanoemulsion,"[{'authorId': '2006805700', 'name': 'F. Randy'}, {'authorId': '88908157', 'name': 'S. Setiasih'}, {'authorId': '5166883', 'name': 'M. Jufri'}, {'authorId': '2112071733', 'name': 'S. Handayani'}, {'authorId': '5867536', 'name': 'S. Hudiyono'}]",IOP Conference Series: Materials Science and Engineering,,2020.0,13,1,0,False,"[{'category': 'Medicine', 'source': 's2-fos-model'}, {'category': 'Environmental Science', 'source': 's2-fos-model'}, {'category': 'Materials Science', 'source': 's2-fos-model'}, {'category': 'Physics', 'source': 'external'}, {'category': 'Chemistry', 'source': 'external'}]",['Conference'],2020-06-30,"{'name': 'IOP Conference Series: Materials Science and Engineering', 'pages': None, 'volume': '833'}",,,10.1088/1757-899X/833/1/012038,,3039914050,,
204698397,"{'ACL': None, 'DBLP': None, 'ArXiv': None, 'MAG': '1785909036', 'CorpusId': '204698397', 'PubMed': None, 'DOI': '10.4000/strates.5223', 'PubMedCentral': None}",https://www.semanticscholar.org/paper/b69a648a211d51d1066b3ca43ebf30e6713fdd5b,"De l’art urbain à l’environnement : le paysage urbain dans les écrits d’urbanisme en France, 1911-1980","[{'authorId': '1391171169', 'name': 'Hélẽne Janniẽre'}]",,,2007.0,48,4,0,True,,,2007-12-31,"{'name': '', 'pages': None, 'volume': ''}",,,10.4000/strates.5223,,1785909036,,
177250985,"{'ACL': None, 'DBLP': None, 'ArXiv': None, 'MAG': '626806260', 'CorpusId': '177250985', 'PubMed': None, 'DOI': None, 'PubMedCentral': None}",https://www.semanticscholar.org/paper/e2d87bd1f3d41ea9caca0d673823ac5e8cce6854,「電子情報処理組織を用いて取り扱う督促手続」の概要〔含 (資料)民事訴訟法(平成8年法律第109号)第397条第1項の申立ての方式に関する細則(平9.12.11)〕,"[{'authorId': '136524466', 'name': '諌武 高行'}]",,,1998.0,0,0,0,False,,,1998-03-15,"{'name': '', 'pages': '17-31', 'volume': ''}",,,,,626806260,,
88634815,"{'ACL': None, 'DBLP': None, 'ArXiv': None, 'MAG': '2463150759', 'CorpusId': '88634815', 'PubMed': None, 'DOI': None, 'PubMedCentral': None}",https://www.semanticscholar.org/paper/c389511c1b046b847e61bc34398e492dbc8895f9,Evaluación del medio Chromalbicans Agar para la identificación presuntiva de Candida albicans,"[{'authorId': '2257808865', 'name': 'Alfonso-Javier Carrillo-Muñoz'}, {'authorId': '84638601', 'name': 'G. Quindós'}, {'authorId': '2080804669', 'name': 'Carmen Delia Cárdenes'}, {'authorId': '2257791238', 'name': 'Rocío Alonso Vargas'}, {'authorId': '2076384904', 'name': 'P. Arévalo'}, {'authorId': '2093676019', 'name': 'S. Brió'}, {'authorId': '2073929055', 'name': 'Lucila Madariaga'}]",,,2001.0,17,8,1,False,"[{'category': 'Medicine', 'source': 's2-fos-model'}, {'category': 'Biology', 'source': 'external'}]",,2001-09-01,"{'name': 'Revista Iberoamericana De Micologia', 'pages': '105-108', 'volume': '18'}",,,,,2463150759,,
62882485,"{'ACL': None, 'DBLP': None, 'ArXiv': None, 'MAG': '2276961730', 'CorpusId': '62882485', 'PubMed': None, 'DOI': '10.12692/ijb/7.1.14-21', 'PubMedCentral': None}",https://www.semanticscholar.org/paper/7558750dfaecc226e89b5b65066e46262ff95173,Efficacy of boron and salicylic acid on quality production of sim carnation (Dianthus caryophyllus),"[{'authorId': '143910756', 'name': 'U. S. Qureshi'}, {'authorId': '28904946', 'name': 'S. Izhar'}, {'authorId': '89966417', 'name': 'Saman Chughtai'}, {'authorId': '2060010965', 'name': 'A. Mir'}, {'authorId': '2056494550', 'name': 'A. Qureshi'}]",,,2015.0,24,6,1,True,"[{'category': 'Agricultural and Food Sciences', 'source': 's2-fos-model'}, {'category': 'Biology', 'source': 'external'}]",,,"{'name': 'International Journal of Biosciences', 'pages': '14-21', 'volume': '7'}",,,10.12692/ijb/7.1.14-21,,2276961730,,
14640476,"{'ACL': None, 'DBLP': None, 'ArXiv': None, 'MAG': '149444717', 'CorpusId': '14640476', 'PubMed': None, 'DOI': None, 'PubMedCentral': None}",https://www.semanticscholar.org/paper/59d8cfaea9de5c1886ceea16cd4c2e1089982db9,The Euclidean Division Implemented with a Floating-Point Division and a Floor,"[{'authorId': '143887159', 'name': 'V. Lefèvre'}]",,,2005.0,8,6,0,False,"[{'category': 'Computer Science', 'source': 's2-fos-model'}, {'category': 'Mathematics', 'source': 's2-fos-model'}, {'category': 'Mathematics', 'source': 'external'}]",,,"{'name': '', 'pages': '16', 'volume': ''}",,,,,149444717,,
681669,"{'ACL': None, 'DBLP': None, 'ArXiv': None, 'MAG': '2028313095', 'CorpusId': '681669', 'PubMed': '15864675', 'DOI': '10.1007/s10198-005-0294-1', 'PubMedCentral': None}",https://www.semanticscholar.org/paper/9e5a9528a61ba78f5264f347274f6739ec3cc1e5,Institutional arrangements and efficiency of health care delivery systems,"[{'authorId': '32561638', 'name': 'V. Bhat'}]",European Journal of Health Economics,fc42e269-2a82-46d5-9175-2fd5bba88d78,2005.0,14,96,11,False,"[{'category': 'Economics', 'source': 's2-fos-model'}, {'category': 'Medicine', 'source': 's2-fos-model'}, {'category': 'Medicine', 'source': 'external'}]","['JournalArticle', 'Study']",2005-09-01,"{'name': 'The European Journal of Health Economics', 'pages': '215-222', 'volume': '6'}",,,10.1007/s10198-005-0294-1,,2028313095,15864675,
192220252,"{'ACL': None, 'DBLP': None, 'ArXiv': None, 'MAG': '2240939985', 'CorpusId': '192220252', 'PubMed': None, 'DOI': None, 'PubMedCentral': None}",https://www.semanticscholar.org/paper/01e6eeb3b50d61471f4b063b8d4a9a786de6215f,Digital Danish Archaeology. Gods and Graves - an Internet Publication on the Bronze Age,"[{'authorId': '145892416', 'name': 'H. J. Hansen'}]",,,1997.0,2,0,0,False,"[{'category': 'History', 'source': 's2-fos-model'}, {'category': 'Computer Science', 'source': 's2-fos-model'}, {'category': 'Art', 'source': 'external'}]",,,"{'name': '', 'pages': '34', 'volume': ''}",,,,,2240939985,,
268805100,"{'ACL': None, 'DBLP': None, 'ArXiv': None, 'MAG': None, 'CorpusId': '268805100', 'PubMed': None, 'DOI': '10.53738/revmed.2006.2.90.2824', 'PubMedCentral': None}",https://www.semanticscholar.org/paper/95b9141e075d03d2eeed00f24c0b8aff89c6631c,Problèmes pratiques d’ECG chez la personne âgée. Cas n° 5 ECG,"[{'authorId': '2072450663', 'name': 'V. Trombert'}, {'authorId': '2264287757', 'name': 'Christophe Graf'}]",Revue medicale suisse,8432ce69-f86a-463b-8b7f-2a1ab56ed0bb,2006.0,0,0,0,False,,['JournalArticle'],,"{'name': 'Revue Médicale Suisse', 'pages': None, 'volume': None}",,,10.53738/revmed.2006.2.90.2824,,,,
44610313,"{'ACL': None, 'DBLP': None, 'ArXiv': None, 'MAG': '2138470344', 'CorpusId': '44610313', 'PubMed': None, 'DOI': '10.1109/AVFOP.2008.4653155', 'PubMedCentral': None}",https://www.semanticscholar.org/paper/e675e61688db8b8855cc02de806e1046f4b4e765,Broken aerospace fiber optic cable characterization,"[{'authorId': '145209346', 'name': 'M. Beranek'}, {'authorId': '153574418', 'name': 'J. Ahadian'}, {'authorId': '3009594', 'name': 'C. Kuznia'}, {'authorId': '30640787', 'name': 'B. Pregger'}]","2008 IEEE Avionics, Fiber-Optics and Photonics Technology Conference",,2008.0,4,0,0,False,"[{'category': 'Engineering', 'source': 's2-fos-model'}, {'category': 'Physics', 'source': 's2-fos-model'}, {'category': 'Materials Science', 'source': 'external'}]",['Conference'],2008-10-17,"{'name': '2008 IEEE Avionics, Fiber-Optics and Photonics Technology Conference', 'pages': '19-20', 'volume': None}",,,10.1109/AVFOP.2008.4653155,,2138470344,,
97892608,"{'ACL': None, 'DBLP': None, 'ArXiv': None, 'MAG': '2066978403', 'CorpusId': '97892608', 'PubMed': None, 'DOI': '10.1149/1.2424291', 'PubMedCentral': None}",https://www.semanticscholar.org/paper/aa932d0f335633dc645df714acce1e8b321134c7,"New Bimetallic Catalysts for the Oxygen Reduction Reaction (ORR) Based on Ni and Pt Carbide: Synthesis, Characterization and Electrochemical Studies","[{'authorId': '49437886', 'name': 'V. Noto'}, {'authorId': '5542449', 'name': 'E. Negro'}, {'authorId': '13620862', 'name': 'Rocco Gliubizzi'}, {'authorId': '7929917', 'name': 'S. Lavina'}, {'authorId': '144724829', 'name': 'G. Pace'}]",,,2007.0,0,11,0,False,"[{'category': 'Chemistry', 'source': 's2-fos-model'}, {'category': 'Materials Science', 'source': 's2-fos-model'}, {'category': 'Materials Science', 'source': 'external'}]",,2007-02-07,"{'name': '', 'pages': '83-91', 'volume': '2'}",,,10.1149/1.2424291,,2066978403,,
132074289,"{'ACL': None, 'DBLP': None, 'ArXiv': None, 'MAG': '2384433065', 'CorpusId': '132074289', 'PubMed': None, 'DOI': None, 'PubMedCentral': None}",https://www.semanticscholar.org/paper/a7c2decbe1c77fc0f35ce97b23a166193087d06c,An Analysis of Energy Consumption and Carbon Emission of Inner Mongolia,"[{'authorId': '93207937', 'name': 'Feng Yulong'}]",,,2012.0,0,0,0,False,"[{'category': 'Environmental Science', 'source': 's2-fos-model'}, {'category': 'Economics', 'source': 's2-fos-model'}, {'category': 'Environmental Science', 'source': 'external'}]",,,"{'name': 'Journal of Inner Mongolia Finance and Economics College', 'pages': None, 'volume': ''}",,,,,2384433065,,
217492134,"{'ACL': None, 'DBLP': None, 'ArXiv': None, 'MAG': '2922312538', 'CorpusId': '217492134', 'PubMed': None, 'DOI': None, 'PubMedCentral': None}",https://www.semanticscholar.org/paper/aa1e3453739f7d8871d7165a15260ee9e3995440,Gore Xa tex Salomon Gtx Trail 11 Mens Running Lander Quality Uk Shoes 5Iqwx7fECn,"[{'authorId': '52634593', 'name': 'nbrunet'}]",,,2016.0,0,0,0,False,"[{'category': 'Engineering', 'source': 's2-fos-model'}, {'category': 'Art', 'source': 'external'}]",,2016-05-24,"{'name': '', 'pages': None, 'volume': ''}",,,,,2922312538,,
261801042,"{'ACL': None, 'DBLP': None, 'ArXiv': None, 'MAG': None, 'CorpusId': '261801042', 'PubMed': None, 'DOI': '10.3934/math.20231332', 'PubMedCentral': None}",https://www.semanticscholar.org/paper/67de1812d49c2182e58ba61aa2b72450f81e7d32,Energy minimizing solutions to slightly subcritical elliptic problems on nonconvex polygonal domains,"[{'authorId': '2240816639', 'name': 'Woocheol Choi'}]",AIMS Mathematics,fcad2179-afdc-4360-ad8b-8b714f64dab3,2023.0,12,0,0,False,,['JournalArticle'],,"{'name': 'AIMS Mathematics', 'pages': None, 'volume': None}",,,10.3934/math.20231332,,,,
16647308,"{'ACL': None, 'DBLP': None, 'ArXiv': None, 'MAG': '1830387933', 'CorpusId': '16647308', 'PubMed': None, 'DOI': '10.5194/CPD-11-1945-2015', 'PubMedCentral': None}",https://www.semanticscholar.org/paper/aead3d7a6bf9883f2246ce91c951a841fc817ab5,Carbon cycle dynamics during recent interglacials,"[{'authorId': '13664304', 'name': 'T. Kleinen'}, {'authorId': '4262118', 'name': 'V. Brovkin'}, {'authorId': '66135825', 'name': 'G. Munhoven'}]",,,2015.0,50,15,2,True,"[{'category': 'Environmental Science', 'source': 's2-fos-model'}, {'category': 'Geology', 'source': 's2-fos-model'}, {'category': 'Geology', 'source': 'external'}]",,2015-05-20,"{'name': 'Climate of The Past Discussions', 'pages': '1945-1983', 'volume': '11'}",,,10.5194/CPD-11-1945-2015,,1830387933,,
134955930,"{'ACL': None, 'DBLP': None, 'ArXiv': None, 'MAG': '2626975459', 'CorpusId': '134955930', 'PubMed': None, 'DOI': None, 'PubMedCentral': None}",https://www.semanticscholar.org/paper/a205f111d1fda7214c3fb3447acd9c58906547d8,REVISION OF THE CARNIAN/NORIAN CONODONTS THROUGH THE APPLICATION OF CLADISTIC ANALYSIS,"[{'authorId': '49451000', 'name': 'M. Mazza'}, {'authorId': '108221760', 'name': 'A. Cau'}, {'authorId': '93186467', 'name': 'M. Rigo'}]",,,2010.0,0,0,0,False,"[{'category': 'Geology', 'source': 's2-fos-model'}, {'category': 'Geology', 'source': 'external'}]",,,"{'name': '', 'pages': '270', 'volume': ''}",,,,,2626975459,,
109335850,"{'ACL': None, 'DBLP': None, 'ArXiv': None, 'MAG': '1992724071', 'CorpusId': '109335850', 'PubMed': None, 'DOI': '10.4043/5873-MS', 'PubMedCentral': None}",https://www.semanticscholar.org/paper/3e296e4eb242f87168818a2a2d91de5b2648ff03,Offshore Testing Of A Personnel Transfer System,"[{'authorId': '1403529327', 'name': 'H. El-Tahan'}, {'authorId': '153757584', 'name': 'D. Howard'}]",,,1988.0,0,0,0,False,"[{'category': 'Engineering', 'source': 's2-fos-model'}, {'category': 'Environmental Science', 'source': 's2-fos-model'}, {'category': 'Engineering', 'source': 'external'}]",,,"{'name': '', 'pages': None, 'volume': ''}",,,10.4043/5873-MS,,1992724071,,
122091363,"{'ACL': None, 'DBLP': None, 'ArXiv': None, 'MAG': '2036714564', 'CorpusId': '122091363', 'PubMed': None, 'DOI': '10.1103/PHYSREVB.78.094514', 'PubMedCentral': None}",https://www.semanticscholar.org/paper/df961befb019d78a9d9e4b29e053da234f9b8d6b,Anomalous effect of disorder on spin fluctuations in non-centrosymmetric superconductors,"[{'authorId': '47667564', 'name': 'V. M. Edelstein'}]",,,2008.0,0,3,0,False,"[{'category': 'Physics', 'source': 's2-fos-model'}, {'category': 'Physics', 'source': 'external'}]",,2008-09-19,"{'name': 'Physical Review B', 'pages': '094514', 'volume': '78'}",,,10.1103/PHYSREVB.78.094514,,2036714564,,
124672760,"{'ACL': None, 'DBLP': None, 'ArXiv': None, 'MAG': '2484780011', 'CorpusId': '124672760', 'PubMed': None, 'DOI': None, 'PubMedCentral': None}",https://www.semanticscholar.org/paper/a40d29369f7912cb0469600b6e4be3f2eea4fb4d,An application of C-algebras to quantum statistical mechanics of systems in equilibrium,"[{'authorId': '69333725', 'name': 'M. Winnink'}]",,,1968.0,0,18,0,False,"[{'category': 'Physics', 'source': 's2-fos-model'}, {'category': 'Physics', 'source': 'external'}]",,,"{'name': '', 'pages': None, 'volume': ''}",,,,,2484780011,,
152198704,"{'ACL': None, 'DBLP': None, 'ArXiv': None, 'MAG': '2549006576', 'CorpusId': '152198704', 'PubMed': None, 'DOI': None, 'PubMedCentral': None}",https://www.semanticscholar.org/paper/398c08bd6aafcaf24e7eb27f88c8e31eba4ad27d,Chinese National Cinema ; Hitchcock with a Chinese Face: Cinematic Doubles ; Postsocialist Cinema in Post-Mao China: The Cultural Revolution after the Cultural Revolution [Book Review],"[{'authorId': '103970164', 'name': 'M. Farquhar'}]",,,2006.0,0,0,0,False,"[{'category': 'History', 'source': 's2-fos-model'}, {'category': 'Art', 'source': 's2-fos-model'}, {'category': 'Sociology', 'source': 'external'}]",['Review'],,"{'name': 'China Journal', 'pages': '216', 'volume': ''}",,,,,2549006576,,
112532675,"{'ACL': None, 'DBLP': None, 'ArXiv': None, 'MAG': '2302593192', 'CorpusId': '112532675', 'PubMed': None, 'DOI': '10.5860/RBML.13.2.157', 'PubMedCentral': None}",https://www.semanticscholar.org/paper/f2af95786c846aa065203e0542077109aa9db102,Rare Books and the College Library: Current Practices in Marrying Undergraduates to Special Collections,"[{'authorId': '144134066', 'name': 'Susan M. Allen'}]",,,1999.0,1,20,1,False,"[{'category': 'Education', 'source': 's2-fos-model'}, {'category': 'Engineering', 'source': 'external'}]",['Review'],1999-03-01,"{'name': '', 'pages': '110-119', 'volume': '13'}",,,10.5860/RBML.13.2.157,,2302593192,,
266694665,"{'ACL': None, 'DBLP': None, 'ArXiv': None, 'MAG': '3169491038', 'CorpusId': '266694665', 'PubMed': None, 'DOI': '10.1155/2021/8894768', 'PubMedCentral': None}",https://www.semanticscholar.org/paper/bd0fab29a654e42bb147dcc55884b6e7542a0ef1,Electrochemical Performance Improvement of the Catalyst of the Methanol Microfuel Cell Using Carbon Nanotubes,"[{'authorId': '2126157152', 'name': 'Mohammad Kazemi Nasrabadi'}, {'authorId': '2277256976', 'name': 'Amir Ebrahimi-Moghadam'}, {'authorId': '2275032723', 'name': 'Ravinder Kumar'}, {'authorId': '147691536', 'name': 'Narjes Nabipour'}]",International Journal of Chemical Engineering,efa92800-f604-4923-bd50-8c4b3fba7a8b,2021.0,19,0,0,False,"[{'category': 'Chemistry', 'source': 's2-fos-model'}, {'category': 'Engineering', 'source': 's2-fos-model'}, {'category': 'Materials Science', 'source': 's2-fos-model'}, {'category': 'Materials Science', 'source': 'external'}]",,2021-05-28,"{'name': 'International Journal of Chemical Engineering', 'pages': '1-8', 'volume': '2021'}",,,10.1155/2021/8894768,,3169491038,,
27499569,"{'ACL': None, 'DBLP': None, 'ArXiv': None, 'MAG': '2047761704', 'CorpusId': '27499569', 'PubMed': '7302219', 'DOI': '10.1148/RADIOLOGY.141.3.7302219', 'PubMedCentral': None}",https://www.semanticscholar.org/paper/ea63db6df6e54c523dca483a2dbd88e46a952832,The diagnostic and therapeutic value of breast cyst puncture and pneumocystography.,"[{'authorId': '39395335', 'name': 'L. Tabár'}, {'authorId': '49557014', 'name': 'Z. Péntek'}, {'authorId': '21810030', 'name': 'P. Dean'}]",Radiology,357207a3-a4af-4091-822c-75ef52d02fb5,1981.0,0,40,0,False,"[{'category': 'Medicine', 'source': 's2-fos-model'}, {'category': 'Medicine', 'source': 'external'}]",['JournalArticle'],1981-12-01,"{'name': 'Radiology', 'pages': '\n          659-63\n        ', 'volume': '141 3'}",,,10.1148/RADIOLOGY.141.3.7302219,,2047761704,7302219,
267950777,"{'ACL': None, 'DBLP': None, 'ArXiv': None, 'MAG': None, 'CorpusId': '267950777', 'PubMed': None, 'DOI': '10.22550/2174-0909.3838', 'PubMedCentral': None}",https://www.semanticscholar.org/paper/3b4ff4e0f48a0ca70d02615b79b6376bb0547731,University institutional evaluation in Europe and Latin America,"[{'authorId': '2287070419', 'name': 'Laurentino Salvador Blanco'}]",Revista Española de Pedagogía,a3dfdd10-9e33-4b09-b30d-62f0b8ec9d9f,2023.0,0,0,0,False,,['JournalArticle'],2023-12-27,"{'name': 'Revista Española de Pedagogía', 'pages': None, 'volume': None}",,,10.22550/2174-0909.3838,,,,
96053489,"{'ACL': None, 'DBLP': None, 'ArXiv': None, 'MAG': '1991295989', 'CorpusId': '96053489', 'PubMed': None, 'DOI': '10.1002/J.2050-0416.1974.TB03604.X', 'PubMedCentral': None}",https://www.semanticscholar.org/paper/e1c8ed65c9d117739d4458cc7ad9dd6c6ed215ce,RAPID SPECTROPHOTOMETRIC METHOD FOR DETERMINATION OF THE BITTERING VALUE OF ISOMERIZED HOP EXTRACTS,"[{'authorId': '13682909', 'name': 'R. Mussche'}, {'authorId': '87479519', 'name': 'R. Franiau'}]",,,1974.0,17,2,0,True,"[{'category': 'Chemistry', 'source': 's2-fos-model'}, {'category': 'Environmental Science', 'source': 's2-fos-model'}, {'category': 'Chemistry', 'source': 'external'}]",,1974-03-04,"{'name': 'Journal of The Institute of Brewing', 'pages': '201-206', 'volume': '80'}",,,10.1002/J.2050-0416.1974.TB03604.X,,1991295989,,
220192299,"{'ACL': None, 'DBLP': None, 'ArXiv': None, 'MAG': None, 'CorpusId': '220192299', 'PubMed': None, 'DOI': '10.1136/bmj.307.6898.268', 'PubMedCentral': None}",https://www.semanticscholar.org/paper/6200364128e0c06d523328a426565ecd2f8e820b,Soundings,[],,,1993.0,0,0,0,False,,,1993-07-24,"{'name': 'British Medical Journal', 'pages': '268 - 268', 'volume': '307'}",,,10.1136/bmj.307.6898.268,,,,
